Parameter,Low Anxiety Mean,High Anxiety Mean,Percent Difference,t-statistic,p-value,Significant
CZ Aperiodic Exponent,1.5308003362972975,1.8298463170305344,19.535270122592852,4.6537839470494236,5.05757299035934e-06,True
FZ Aperiodic Exponent,0.9831163104459459,2.0003612526259547,103.47147447066378,12.088229277908436,2.665456326228171e-27,True
CZ Beta Power,3.811611486486487e-12,5.2974809160305345e-14,-98.61017290591867,-0.949785215224366,0.343049326764744,False
FZ Beta Power,2.5439743243243245e-12,3.385114503816794e-14,-98.66935979995951,-5.270726962796517,2.737183546735627e-07,True
Frontal Asymmetry,0.8918180050608108,0.036964389931297706,-95.8551644257533,-17.3113653071384,5.183616349238136e-46,True
Avg Aperiodic Exponent,1.353923985385135,1.8623561172366414,37.552487240033535,10.06275847274549,1.6670301631539648e-20,True
Avg Beta Power,1.7307527027027028e-12,8.442900763358779e-14,-95.12183297465054,-1.1308753192864354,0.2590857402407834,False
