channel,patch_position,parameter,pre_mean,post_mean,percent_change,t_statistic,p_value,significant
CZ,early,aperiodic_exponent,2.3646041410427125,1.5557997006344542,-34.20464450559586,5.037061924464344,1.1824419055918835e-05,True
CZ,early,beta_power,4.511763437493372e-14,4.5504088795471614e-14,0.8565485001416594,-0.11914324124689604,0.9057895176354089,False
CZ,mid,aperiodic_exponent,2.21324776605638,1.5063306263623908,-31.940262203611837,4.346857608691661,0.00012447864405079316,True
CZ,mid,beta_power,4.40391634783462e-14,4.9944694245402536e-14,13.409725118779903,-1.1061747206889534,0.2766500143725019,False
CZ,late,aperiodic_exponent,2.1929977245201036,1.7474021723704096,-20.319015709293733,1.3189239218491489,0.21659848003118737,False
CZ,late,beta_power,4.472317127141266e-14,6.386529627296667e-14,42.80135879762575,-2.628686565223276,0.025218937488905312,True
CZ,leave,aperiodic_exponent,1.7511612849285767,1.553843049913119,-11.2678504666408,1.0435722613439986,0.3032770283525278,False
CZ,leave,beta_power,5.739017914341275e-14,4.421993731726542e-14,-22.948598562893682,0.8716365867310765,0.3888806142014959,False
